{
  "enabled": true,
  "obj": {
    "warnEnabled": true,
    "kickEnabled": true,
    "banEnabled": false,
    "maxInterval": 5000,
    "maxDuplicatesInterval": 60000,
    "warnMessage": "Warning {@user}!  Please stop what you are doing!",
    "kickMessage": "Kicked {user_tag}.  Take action if user appears again.",
    "banMessage": "Banned {user_tag}.  If this was an error, contact a moderator.",
    "warnThreshold": 3,
    "kickThreshold": 7,
    "banThreshold": 25,
    "maxDuplicatesWarning": 4,
    "maxDuplicatesKick": 7,
    "maxDuplicatesBan": 12,
    "debug": true
  }
}