{
  "nodes": [
    {
      "type": "event",
      "name": "User Joins Server",
      "guid": "49ebbc23-2903-4f05-ab69-bc9ecb4f067e",
      "variables": {
        "user": "newuser"
      },
      "outputs": [
        {
          "label": "responses",
          "connections": [
            "bf1a5301-ffdb-4b54-aad0-32d972e81c0f"
          ]
        }
      ],
      "inputs": [],
      "x": 543,
      "y": 1171,
      "perms": []
    },
    {
      "type": "event",
      "name": "Any Message",
      "guid": "49ebbc23-2903-4f05-ab69-bc9ecb4f8888",
      "variables": {},
      "outputs": [
        {
          "label": "responses",
          "connections": [
            "ff401829-b81c-4868-930b-0d405a9fbff8"
          ]
        }
      ],
      "inputs": [],
      "x": 377,
      "y": 149,
      "perms": []
    },
    {
      "type": "event",
      "name": "User Kicked",
      "guid": "69ebbc23-2903-4f05-ab69-bc9ecb4f067e",
      "variables": {
        "user": "kickuser"
      },
      "outputs": [
        {
          "label": "responses",
          "connections": []
        }
      ],
      "inputs": [],
      "x": 99,
      "y": 200,
      "perms": []
    },
    {
      "type": "event",
      "name": "User Banned",
      "guid": "77ebbc23-2003-4f05-ab69-bc9ecb4f067e",
      "variables": {
        "user": "banuser"
      },
      "outputs": [
        {
          "label": "responses",
          "connections": []
        }
      ],
      "inputs": [],
      "x": 100,
      "y": 300,
      "perms": []
    },
    {
      "type": "event",
      "name": "Bot Initialization",
      "guid": "0101bc23-2003-4f05-ab69-bc9ecb4f067e",
      "variables": {},
      "outputs": [
        {
          "label": "responses",
          "connections": []
        }
      ],
      "inputs": [],
      "x": 104,
      "y": 449,
      "perms": []
    },
    {
      "type": "event",
      "name": "Channel Create",
      "guid": "3333bc23-2993-4f05-ab69-bc9ecb4f067e",
      "variables": {
        "channel": "createdchannel"
      },
      "outputs": [
        {
          "label": "responses",
          "connections": []
        }
      ],
      "inputs": [],
      "x": 100,
      "y": 610,
      "perms": []
    },
    {
      "type": "event",
      "name": "Channel Delete",
      "guid": "3387bc23-2993-4f05-ab69-bc9ecb49877e",
      "variables": {
        "channel": "deletedchannel"
      },
      "outputs": [
        {
          "label": "responses",
          "connections": []
        }
      ],
      "inputs": [],
      "x": 100,
      "y": 720,
      "perms": []
    },
    {
      "type": "event",
      "name": "Channel Pins Update",
      "guid": "1287bc23-2993-dudu-ab69-bc9ecb49877e",
      "variables": {
        "channel": "updatepinschannel"
      },
      "outputs": [
        {
          "label": "responses",
          "connections": []
        }
      ],
      "inputs": [],
      "x": 100,
      "y": 830,
      "perms": []
    },
    {
      "type": "event",
      "name": "Channel Update",
      "guid": "0009zzv3-2993-dudu-ab69-bc9ecb49877e",
      "variables": {
        "channel": "updatechannel"
      },
      "outputs": [
        {
          "label": "responses",
          "connections": []
        }
      ],
      "inputs": [],
      "x": 100,
      "y": 940,
      "perms": []
    },
    {
      "type": "event",
      "name": "Emoji Create",
      "guid": "0008zzv3-2993-dudu-ab69-bc9hhb49877e",
      "variables": {
        "channel": "createdemoji"
      },
      "outputs": [
        {
          "label": "responses",
          "connections": []
        }
      ],
      "inputs": [],
      "x": 100,
      "y": 1050,
      "perms": []
    },
    {
      "type": "event",
      "name": "Emoji Delete",
      "guid": "0028zzv3-2993-dudu-ab69-bc9hhb49877e",
      "variables": {
        "channel": "deletedemoji"
      },
      "outputs": [
        {
          "label": "responses",
          "connections": []
        }
      ],
      "inputs": [],
      "x": 100,
      "y": 1160,
      "perms": []
    },
    {
      "type": "event",
      "name": "Emoji Update",
      "guid": "1128zzv3-2773-dudu-ab69-bc9hhb49877e",
      "variables": {
        "channel": "updatedemoji"
      },
      "outputs": [
        {
          "label": "responses",
          "connections": []
        }
      ],
      "inputs": [],
      "x": 100,
      "y": 1270,
      "perms": []
    },
    {
      "type": "event",
      "name": "Guild Ban Remove",
      "guid": "0909zzv3-2773-dudu-ab69-bc9hhb49877e",
      "variables": {
        "channel": ""
      },
      "outputs": [
        {
          "label": "responses",
          "connections": []
        }
      ],
      "inputs": [],
      "x": 100,
      "y": 1370,
      "perms": []
    },
    {
      "type": "event",
      "name": "Guild Create",
      "guid": "0909zzv3-2773-dudu-3456-bc9hhb49877e",
      "variables": {
        "channel": ""
      },
      "outputs": [
        {
          "label": "responses",
          "connections": []
        }
      ],
      "inputs": [],
      "x": 100,
      "y": 1480,
      "perms": []
    },
    {
      "type": "event",
      "name": "Guild Delete",
      "guid": "0909zzv3-2773-dudu-ab69-bc9hhb49877e",
      "variables": {
        "channel": ""
      },
      "outputs": [
        {
          "label": "responses",
          "connections": []
        }
      ],
      "inputs": [],
      "x": 100,
      "y": 1590,
      "perms": []
    },
    {
      "type": "event",
      "name": "Guild Member Available",
      "guid": "0909zzv3-2773-dudu-ab69-bc9hh020202e",
      "variables": {
        "channel": ""
      },
      "outputs": [
        {
          "label": "responses",
          "connections": []
        }
      ],
      "inputs": [],
      "x": 100,
      "y": 1700,
      "perms": []
    },
    {
      "type": "event",
      "name": "Guild Member Speaking",
      "guid": "09uuuiv3-2773-dudu-ab69-bc9hh020202e",
      "variables": {
        "channel": ""
      },
      "outputs": [
        {
          "label": "responses",
          "connections": []
        }
      ],
      "inputs": [],
      "x": 100,
      "y": 1810,
      "perms": []
    },
    {
      "type": "event",
      "name": "Guild Member Update",
      "guid": "0yyuuiv3-2773-dudu-ab69-bc9hh020202e",
      "variables": {
        "channel": ""
      },
      "outputs": [
        {
          "label": "responses",
          "connections": []
        }
      ],
      "inputs": [],
      "x": 100,
      "y": 1920,
      "perms": []
    },
    {
      "type": "event",
      "name": "Guild Unavailable",
      "guid": "0yyuukkk-2773-dudu-ab69-bc9hh020202e",
      "variables": {
        "channel": ""
      },
      "outputs": [
        {
          "label": "responses",
          "connections": []
        }
      ],
      "inputs": [],
      "x": 100,
      "y": 2030,
      "perms": []
    },
    {
      "type": "event",
      "name": "Guild Update",
      "guid": "0yyuukkk-2773-dudu-ab69-bc9h9890202e",
      "variables": {
        "channel": ""
      },
      "outputs": [
        {
          "label": "responses",
          "connections": []
        }
      ],
      "inputs": [],
      "x": 100,
      "y": 2140,
      "perms": []
    },
    {
      "type": "event",
      "name": "Message Delete",
      "guid": "0y111112-2773-dudu-ab69-bc9h9890202e",
      "variables": {
        "channel": ""
      },
      "outputs": [
        {
          "label": "responses",
          "connections": []
        }
      ],
      "inputs": [],
      "x": 100,
      "y": 2250,
      "perms": []
    },
    {
      "type": "event",
      "name": "Message Update",
      "guid": "0y111112-2773-dudu-ab69-bc9h9333202e",
      "variables": {
        "channel": ""
      },
      "outputs": [
        {
          "label": "responses",
          "connections": []
        }
      ],
      "inputs": [],
      "x": 100,
      "y": 2360,
      "perms": []
    },
    {
      "type": "event",
      "name": "Role Create",
      "guid": "0y111112-2773-d44u-ab69-bc9h9333202e",
      "variables": {
        "channel": ""
      },
      "outputs": [
        {
          "label": "responses",
          "connections": []
        }
      ],
      "inputs": [],
      "x": 100,
      "y": 2470,
      "perms": []
    },
    {
      "type": "event",
      "name": "Role Delete",
      "guid": "0y111112-2773-d44u-ab69-b5555633202e",
      "variables": {
        "channel": ""
      },
      "outputs": [
        {
          "label": "responses",
          "connections": []
        }
      ],
      "inputs": [],
      "x": 100,
      "y": 2580,
      "perms": []
    },
    {
      "type": "event",
      "name": "Role Update",
      "guid": "0y111pg2-2773-d44u-ayu9-b5555633202e",
      "variables": {
        "channel": ""
      },
      "outputs": [
        {
          "label": "responses",
          "connections": []
        }
      ],
      "inputs": [],
      "x": 100,
      "y": 2690,
      "perms": []
    },
    {
      "type": "event",
      "name": "Typing Start",
      "guid": "0y1737g2-2773-d44u-ayu9-b5555633202e",
      "variables": {
        "channel": ""
      },
      "outputs": [
        {
          "label": "responses",
          "connections": []
        }
      ],
      "inputs": [],
      "x": 100,
      "y": 2800,
      "perms": []
    },
    {
      "type": "event",
      "name": "User Update",
      "guid": "0y1737g2-2773-d44u-ayu9-b5555tttyt2e",
      "variables": {
        "channel": ""
      },
      "outputs": [
        {
          "label": "responses",
          "connections": []
        }
      ],
      "inputs": [],
      "x": 100,
      "y": 2910,
      "perms": []
    },
    {
      "type": "event",
      "name": "Button Interaction",
      "guid": "0y1700g2-2773-d44u-ayu9-b5555886yt2e",
      "variables": {
        "channel": ""
      },
      "outputs": [
        {
          "label": "responses",
          "connections": []
        }
      ],
      "inputs": [],
      "x": 462,
      "y": 1358,
      "perms": []
    },
    {
      "type": "event",
      "name": "Select Interaction",
      "guid": "0y17qzg2-2773-pp4u-ayu9-b55q4886yt2e",
      "variables": {
        "channel": ""
      },
      "outputs": [
        {
          "label": "responses",
          "connections": []
        }
      ],
      "inputs": [],
      "x": 450,
      "y": 1702,
      "perms": []
    },
    {
      "type": "event",
      "name": "Command Interaction",
      "guid": "0y17nnm2-2773-pp4u-ayu9-b55q4886yt2e",
      "variables": {
        "channel": ""
      },
      "outputs": [
        {
          "label": "responses",
          "connections": []
        }
      ],
      "inputs": [],
      "x": 272,
      "y": 356,
      "perms": []
    },
    {
      "type": "response",
      "name": "AddMute",
      "guid": "c4441609-d124-46bf-9b2d-2c954f078366",
      "reactionFields": [],
      "embedfields": [],
      "saveToVariable": "Muted",
      "saveToVariableType": "server",
      "outputs": [
        {
          "label": "next response",
          "connections": [
            "cf9986b3-d47c-447c-aa8a-24330624d994"
          ]
        }
      ],
      "inputs": [
        {
          "label": "trigger",
          "id": "b6b61fbd-abb9-4d29-945c-d622438304d6"
        }
      ],
      "x": 708,
      "y": 527,
      "rtype": "Server Action",
      "rsubtype": "Add Role to Server",
      "formdata": [
        "Muted",
        "FFFFFF",
        "",
        "BOOL_TRUE@@",
        "BOOL_TRUE@@",
        "Muted",
        "server"
      ],
      "formnames": [
        "rolename",
        "color",
        "position",
        "hoist",
        "mentionable",
        "saveToVariable",
        "saveToVariableType"
      ],
      "messageActionRows": [],
      "valueFields": []
    },
    {
      "type": "response",
      "name": "CheckMute",
      "guid": "0491e91e-6017-4831-aa1a-ff4e602f8541",
      "reactionFields": [],
      "embedfields": [],
      "outputs": [
        {
          "label": "true",
          "connections": []
        },
        {
          "label": "false",
          "connections": []
        }
      ],
      "inputs": [
        {
          "label": "trigger",
          "id": "0101bc23-2003-4f05-ab69-bc9ecb4f067e"
        }
      ],
      "x": 644,
      "y": 315,
      "rtype": "Variable",
      "rsubtype": "Check If Variable Exists",
      "formdata": [
        "${serverVars.Muted.id}",
        "server"
      ],
      "formnames": [
        "varname",
        "saveVarType"
      ],
      "messageActionRows": [],
      "valueFields": []
    },
    {
      "type": "response",
      "name": "Make bot-command channel",
      "guid": "68e4c239-c4f5-461f-8de2-dcbbe9db1134",
      "reactionFields": [],
      "embedfields": [],
      "saveToVariable": "botExist",
      "saveToVariableType": "server",
      "outputs": [
        {
          "label": "next response",
          "connections": [
            "82a4f261-f770-4ca8-9e01-4078dcda1d5e"
          ]
        }
      ],
      "inputs": [
        {
          "label": "trigger",
          "id": "32e9630e-62e0-44b2-94b0-28f4ac64966b"
        }
      ],
      "x": 715,
      "y": 896,
      "rtype": "Channel Action",
      "rsubtype": "Create Channel",
      "formdata": [
        "bot-commands",
        "",
        "Test",
        "Text",
        "botExist",
        "server"
      ],
      "formnames": [
        "channelname",
        "chancategory",
        "reason",
        "channeltype",
        "saveToVariable",
        "saveToVariableType"
      ],
      "messageActionRows": [],
      "valueFields": []
    },
    {
      "type": "response",
      "name": "Does bot channel exist",
      "guid": "065c3510-865d-48fc-911d-9d28b8548654",
      "reactionFields": [],
      "embedfields": [],
      "outputs": [
        {
          "label": "true",
          "connections": []
        },
        {
          "label": "false",
          "connections": []
        }
      ],
      "inputs": [
        {
          "label": "trigger",
          "id": "0101bc23-2003-4f05-ab69-bc9ecb4f067e"
        }
      ],
      "x": 1192,
      "y": 769,
      "rtype": "Variable",
      "rsubtype": "Check If Variable Exists",
      "formdata": [
        "${tempVars.createdchannel.name}",
        "server"
      ],
      "formnames": [
        "varname",
        "saveVarType"
      ],
      "messageActionRows": [],
      "valueFields": []
    },
    {
      "type": "response",
      "name": "Make channel",
      "guid": "73a2883f-ed98-4179-91c9-b01da2f2a237",
      "reactionFields": [],
      "embedfields": [],
      "outputs": [
        {
          "label": "next response",
          "connections": []
        }
      ],
      "inputs": [
        {
          "label": "trigger",
          "id": "0y17nnm2-2773-pp4u-ayu9-b55q4886yt2e"
        }
      ],
      "x": 585,
      "y": 3270,
      "rtype": "Channel Action",
      "rsubtype": "Create Channel",
      "formdata": [
        "Bingus",
        "",
        "",
        "Text",
        "",
        "temp"
      ],
      "formnames": [
        "channelname",
        "chancategory",
        "reason",
        "channeltype",
        "saveToVariable",
        "saveToVariableType"
      ],
      "messageActionRows": [],
      "valueFields": []
    },
    {
      "type": "response",
      "name": "Search for other discord links",
      "guid": "2f198e70-7764-4ec5-8c2f-4fbd1d103bd3",
      "reactionFields": [],
      "embedfields": [],
      "outputs": [
        {
          "label": "true",
          "connections": [
            "e91c47d5-b019-49c3-8e58-a48643efdee7"
          ]
        },
        {
          "label": "false",
          "connections": [
            "9e88384b-1f3c-49bb-aa8c-51191c08b1a8"
          ]
        }
      ],
      "inputs": [
        {
          "label": "trigger",
          "id": "1d2a9307-60de-4ce6-ae74-f7241dca3140"
        }
      ],
      "x": 1291,
      "y": 286,
      "rtype": "Variable",
      "rsubtype": "Check If String Contains",
      "formdata": [
        "${tempVars.anymessage.content}",
        "discord.gg"
      ],
      "formnames": [
        "stringtocheck",
        "valuetocheck"
      ],
      "messageActionRows": [],
      "valueFields": []
    },
    {
      "type": "response",
      "name": "z",
      "guid": "16e985b3-dadc-460a-8a59-82454127237f",
      "reactionFields": [],
      "embedfields": [],
      "outputs": [
        {
          "label": "next response",
          "connections": []
        }
      ],
      "inputs": [
        {
          "label": "trigger",
          "id": "9771afc9-ff1c-4abb-9304-066877ddd28a"
        }
      ],
      "x": 1529,
      "y": 137,
      "rtype": "Message",
      "rsubtype": "Send Message",
      "formdata": [
        "general",
        "I swear to god if I had my glibly gun on me I'd-",
        "",
        "temp"
      ],
      "formnames": [
        "channelName",
        "messageText",
        "saveToVariable",
        "saveToVariableType"
      ],
      "messageActionRows": [],
      "valueFields": []
    },
    {
      "type": "response",
      "name": "See if bad",
      "guid": "1d2a9307-60de-4ce6-ae74-f7241dca3140",
      "reactionFields": [],
      "embedfields": [],
      "outputs": [
        {
          "label": "true",
          "connections": [
            "2f198e70-7764-4ec5-8c2f-4fbd1d103bd3"
          ]
        },
        {
          "label": "false",
          "connections": []
        }
      ],
      "inputs": [
        {
          "label": "trigger",
          "id": "ff401829-b81c-4868-930b-0d405a9fbff8"
        }
      ],
      "x": 1068,
      "y": 282,
      "rtype": "User Action",
      "rsubtype": "Check If User Has Role",
      "formdata": [
        "${tempVars.anymessagemember.id}",
        "Unverified"
      ],
      "formnames": [
        "user",
        "role"
      ],
      "messageActionRows": [],
      "valueFields": []
    },
    {
      "type": "response",
      "name": "Get that out of there lol",
      "guid": "9771afc9-ff1c-4abb-9304-066877ddd28a",
      "reactionFields": [],
      "embedfields": [],
      "outputs": [
        {
          "label": "next response",
          "connections": []
        }
      ],
      "inputs": [
        {
          "label": "trigger",
          "id": "ff401829-b81c-4868-930b-0d405a9fbff8"
        }
      ],
      "x": 1110,
      "y": 76,
      "rtype": "Message",
      "rsubtype": "Delete Message",
      "formdata": [
        "${tempVars.anymessage.id}",
        "${tempVars.anymessage.channel.id}"
      ],
      "formnames": [
        "varname",
        "channelName"
      ],
      "messageActionRows": [],
      "valueFields": []
    },
    {
      "type": "response",
      "name": "Does the channel exist",
      "guid": "32e9630e-62e0-44b2-94b0-28f4ac64966b",
      "reactionFields": [],
      "embedfields": [],
      "outputs": [
        {
          "label": "true",
          "connections": []
        },
        {
          "label": "false",
          "connections": [
            "68e4c239-c4f5-461f-8de2-dcbbe9db1134"
          ]
        }
      ],
      "inputs": [
        {
          "label": "trigger",
          "id": "0101bc23-2003-4f05-ab69-bc9ecb4f067e"
        }
      ],
      "x": 480,
      "y": 782,
      "rtype": "Message",
      "rsubtype": "Check If Message Is In Channel",
      "formdata": [
        "Hello!",
        "bot-commands"
      ],
      "formnames": [
        "messageid",
        "channelname"
      ],
      "messageActionRows": [],
      "valueFields": []
    },
    {
      "type": "response",
      "name": "It's good",
      "guid": "8b7c0181-569e-44e4-b8c6-0b280939ea4d",
      "reactionFields": [],
      "embedfields": [],
      "outputs": [
        {
          "label": "next response",
          "connections": []
        }
      ],
      "inputs": [
        {
          "label": "trigger",
          "id": ""
        }
      ],
      "x": 1015,
      "y": 1787,
      "rtype": "Message",
      "rsubtype": "Send Message",
      "formdata": [
        "bot-commands",
        "PINGAS",
        "",
        "temp"
      ],
      "formnames": [
        "channelName",
        "messageText",
        "saveToVariable",
        "saveToVariableType"
      ],
      "messageActionRows": [],
      "valueFields": []
    },
    {
      "type": "response",
      "name": "It's Bad",
      "guid": "c5acf463-6c60-4131-97c3-30b190e41feb",
      "reactionFields": [],
      "embedfields": [],
      "outputs": [
        {
          "label": "next response",
          "connections": []
        }
      ],
      "inputs": [
        {
          "label": "trigger",
          "id": "49ebbc23-2903-4f05-ab69-bc9ecb4f067e"
        }
      ],
      "x": 1228,
      "y": 1016,
      "rtype": "Message",
      "rsubtype": "Send Message",
      "formdata": [
        "general",
        "${tempVars.buttoninteraction.member.id}",
        "",
        "temp"
      ],
      "formnames": [
        "channelName",
        "messageText",
        "saveToVariable",
        "saveToVariableType"
      ],
      "messageActionRows": [],
      "valueFields": []
    },
    {
      "type": "response",
      "name": "Greet the Mod",
      "guid": "82a4f261-f770-4ca8-9e01-4078dcda1d5e",
      "reactionFields": [],
      "embedfields": [],
      "saveToVariable": "Greeting",
      "saveToVariableType": "server",
      "outputs": [
        {
          "label": "next response",
          "connections": []
        }
      ],
      "inputs": [
        {
          "label": "trigger",
          "id": "68e4c239-c4f5-461f-8de2-dcbbe9db1134"
        }
      ],
      "x": 923,
      "y": 921,
      "rtype": "Message",
      "rsubtype": "Send Message",
      "formdata": [
        "bot-commands",
        "Hello!",
        "Greeting",
        "server"
      ],
      "formnames": [
        "channelName",
        "messageText",
        "saveToVariable",
        "saveToVariableType"
      ],
      "messageActionRows": [],
      "valueFields": []
    },
    {
      "type": "response",
      "name": "See If Muted",
      "guid": "ff401829-b81c-4868-930b-0d405a9fbff8",
      "reactionFields": [],
      "embedfields": [],
      "outputs": [
        {
          "label": "true",
          "connections": [
            "9771afc9-ff1c-4abb-9304-066877ddd28a"
          ]
        },
        {
          "label": "false",
          "connections": [
            "1d2a9307-60de-4ce6-ae74-f7241dca3140"
          ]
        }
      ],
      "inputs": [
        {
          "label": "trigger",
          "id": "49ebbc23-2903-4f05-ab69-bc9ecb4f8888"
        }
      ],
      "x": 784,
      "y": 140,
      "rtype": "User Action",
      "rsubtype": "Check If User Has Role",
      "formdata": [
        "${tempVars.anymessagemember.id}",
        "Muted"
      ],
      "formnames": [
        "user",
        "role"
      ],
      "messageActionRows": [],
      "valueFields": []
    },
    {
      "type": "response",
      "name": "Delete message",
      "guid": "e91c47d5-b019-49c3-8e58-a48643efdee7",
      "reactionFields": [],
      "embedfields": [],
      "outputs": [
        {
          "label": "next response",
          "connections": []
        }
      ],
      "inputs": [
        {
          "label": "trigger",
          "id": "2f198e70-7764-4ec5-8c2f-4fbd1d103bd3"
        }
      ],
      "x": 1604,
      "y": 309,
      "rtype": "Message",
      "rsubtype": "Delete Message",
      "formdata": [
        "${tempVars.anymessage.id}",
        "${tempVars.anymessage.channel.id}"
      ],
      "formnames": [
        "varname",
        "channelName"
      ],
      "messageActionRows": [],
      "valueFields": []
    },
    {
      "type": "response",
      "name": "Welcome",
      "guid": "bf1a5301-ffdb-4b54-aad0-32d972e81c0f",
      "reactionFields": [],
      "embedfields": [],
      "saveToVariable": "VerificationMessage",
      "saveToVariableType": "temp",
      "outputs": [
        {
          "label": "next response",
          "connections": [
            "3e5a76e9-9718-4a01-8250-6415d96140aa"
          ]
        }
      ],
      "inputs": [
        {
          "label": "trigger",
          "id": "49ebbc23-2903-4f05-ab69-bc9ecb4f067e"
        }
      ],
      "x": 770,
      "y": 1180,
      "rtype": "Message",
      "rsubtype": "Send Message",
      "formdata": [
        "general",
        "Welcome to the server <@${tempVars.newuser.id}>!  Before you can send links and attachments, a moderator must use !verify to verify you.",
        "VerificationMessage",
        "temp"
      ],
      "formnames": [
        "channelName",
        "messageText",
        "saveToVariable",
        "saveToVariableType"
      ],
      "messageActionRows": [],
      "valueFields": []
    },
    {
      "type": "response",
      "name": "Verify",
      "guid": "674d2ca5-5e24-4a28-91da-df05e563c737",
      "reactionFields": [],
      "embedfields": [],
      "outputs": [
        {
          "label": "next response",
          "connections": [
            "6d84d3d6-3f55-4b32-aa01-89ec85b3597d"
          ]
        }
      ],
      "inputs": [
        {
          "label": "trigger",
          "id": "08ee12f8-384c-4c2d-aecb-fb78e830fc75"
        }
      ],
      "x": 881,
      "y": 1354,
      "rtype": "User Action",
      "rsubtype": "Add Role to User",
      "formdata": [
        "${tempVars.newuser.id}",
        "Verified"
      ],
      "formnames": [
        "user",
        "roleName"
      ],
      "messageActionRows": [],
      "valueFields": []
    },
    {
      "type": "response",
      "name": "Confirm Verifed.",
      "guid": "7f9f6ee9-ef66-42f4-baee-4cc99924f5b5",
      "reactionFields": [],
      "embedfields": [],
      "outputs": [
        {
          "label": "next response",
          "connections": []
        }
      ],
      "inputs": [
        {
          "label": "trigger",
          "id": "6d84d3d6-3f55-4b32-aa01-89ec85b3597d"
        }
      ],
      "x": 1301,
      "y": 1424,
      "rtype": "Interaction",
      "rsubtype": "Reply To Interaction With Message",
      "formdata": [
        "${tempVars.buttoninteraction}",
        "User Verified."
      ],
      "formnames": [
        "interactionobject",
        "messageText"
      ],
      "messageActionRows": [],
      "valueFields": []
    },
    {
      "type": "response",
      "name": "Sdas",
      "guid": "61e264b9-c467-4487-8a31-43aef16ef7f1",
      "reactionFields": [],
      "embedfields": [],
      "saveToVariable": "NEWUSERID",
      "saveToVariableType": "temp",
      "outputs": [
        {
          "label": "next response",
          "connections": []
        }
      ],
      "inputs": [
        {
          "label": "trigger",
          "id": "bf1a5301-ffdb-4b54-aad0-32d972e81c0f"
        }
      ],
      "x": 1303,
      "y": 1248,
      "rtype": "User Data",
      "rsubtype": "Get User Data",
      "formdata": [
        "${tempVars.newuser.id}",
        "${tempVars.newuser.id}",
        "NEWUSERID",
        "temp",
        "User"
      ],
      "formnames": [
        "user",
        "field",
        "varname",
        "saveVarType",
        "vartype"
      ],
      "messageActionRows": [],
      "valueFields": []
    },
    {
      "type": "response",
      "name": "It's Bad_1",
      "guid": "2a977a90-335a-4e1e-bc9e-78710cd6ba91",
      "reactionFields": [],
      "embedfields": [],
      "outputs": [
        {
          "label": "next response",
          "connections": []
        }
      ],
      "inputs": [
        {
          "label": "trigger",
          "id": "0y1700g2-2773-d44u-ayu9-b5555886yt2e"
        }
      ],
      "x": 708,
      "y": 1516,
      "rtype": "Message",
      "rsubtype": "Send Message",
      "formdata": [
        "general",
        "${tempVars.buttoninteraction.member.id}",
        "",
        "temp"
      ],
      "formnames": [
        "channelName",
        "messageText",
        "saveToVariable",
        "saveToVariableType"
      ],
      "messageActionRows": [],
      "valueFields": []
    },
    {
      "type": "response",
      "name": "Verify_1",
      "guid": "3e5a76e9-9718-4a01-8250-6415d96140aa",
      "reactionFields": [],
      "embedfields": [],
      "outputs": [
        {
          "label": "next response",
          "connections": []
        }
      ],
      "inputs": [
        {
          "label": "trigger",
          "id": "bf1a5301-ffdb-4b54-aad0-32d972e81c0f"
        }
      ],
      "x": 983,
      "y": 1176,
      "rtype": "User Action",
      "rsubtype": "Add Role to User",
      "formdata": [
        "${tempVars.newuser.id}",
        "Unverified"
      ],
      "formnames": [
        "user",
        "roleName"
      ],
      "messageActionRows": [],
      "valueFields": []
    },
    {
      "type": "response",
      "name": "Remove Unverified",
      "guid": "6d84d3d6-3f55-4b32-aa01-89ec85b3597d",
      "reactionFields": [],
      "embedfields": [],
      "outputs": [
        {
          "label": "next response",
          "connections": [
            "7f9f6ee9-ef66-42f4-baee-4cc99924f5b5"
          ]
        }
      ],
      "inputs": [
        {
          "label": "trigger",
          "id": "674d2ca5-5e24-4a28-91da-df05e563c737"
        }
      ],
      "x": 1097,
      "y": 1380,
      "rtype": "User Action",
      "rsubtype": "Remove Role From User",
      "formdata": [
        "${tempVars.newuser.id}",
        "Unverified",
        "good to go"
      ],
      "formnames": [
        "user",
        "roleName",
        "reason"
      ],
      "messageActionRows": [],
      "valueFields": []
    },
    {
      "type": "response",
      "name": "See If Muted_1",
      "guid": "08ee12f8-384c-4c2d-aecb-fb78e830fc75",
      "reactionFields": [],
      "embedfields": [],
      "outputs": [
        {
          "label": "next response",
          "connections": [
            "674d2ca5-5e24-4a28-91da-df05e563c737"
          ]
        }
      ],
      "inputs": [
        {
          "label": "trigger",
          "id": "0y1700g2-2773-d44u-ayu9-b5555886yt2e"
        }
      ],
      "x": 681,
      "y": 1347,
      "rtype": "User Action",
      "rsubtype": "Check If User Has Role",
      "formdata": [
        "${tempVars.buttoninteraction.member.id}",
        "Verified"
      ],
      "formnames": [
        "user",
        "role"
      ],
      "messageActionRows": [],
      "valueFields": []
    },
    {
      "type": "response",
      "name": "Check for web links",
      "guid": "9e88384b-1f3c-49bb-aa8c-51191c08b1a8",
      "reactionFields": [],
      "embedfields": [],
      "outputs": [
        {
          "label": "true",
          "connections": [
            "ab792b3b-38a3-4e24-9a93-391544afce90"
          ]
        },
        {
          "label": "false",
          "connections": [
            "8e859cb7-d21e-43aa-8614-d8788a25fb3e"
          ]
        }
      ],
      "inputs": [
        {
          "label": "trigger",
          "id": "2f198e70-7764-4ec5-8c2f-4fbd1d103bd3"
        }
      ],
      "x": 1513,
      "y": 492,
      "rtype": "Variable",
      "rsubtype": "Check If String Contains",
      "formdata": [
        "${tempVars.anymessage.content}",
        "www."
      ],
      "formnames": [
        "stringtocheck",
        "valuetocheck"
      ],
      "messageActionRows": [],
      "valueFields": []
    },
    {
      "type": "response",
      "name": "https",
      "guid": "8e859cb7-d21e-43aa-8614-d8788a25fb3e",
      "reactionFields": [],
      "embedfields": [],
      "outputs": [
        {
          "label": "true",
          "connections": [
            "ccf9b8d1-1039-482b-9f38-5e6680e67ddc"
          ]
        },
        {
          "label": "false",
          "connections": []
        }
      ],
      "inputs": [
        {
          "label": "trigger",
          "id": "9e88384b-1f3c-49bb-aa8c-51191c08b1a8"
        }
      ],
      "x": 1693,
      "y": 675,
      "rtype": "Variable",
      "rsubtype": "Check If String Contains",
      "formdata": [
        "${tempVars.anymessage.content}",
        "http"
      ],
      "formnames": [
        "stringtocheck",
        "valuetocheck"
      ],
      "messageActionRows": [],
      "valueFields": []
    },
    {
      "type": "response",
      "name": "Delete message_1",
      "guid": "ab792b3b-38a3-4e24-9a93-391544afce90",
      "embedfields": [],
      "outputs": [
        {
          "label": "next response",
          "connections": []
        }
      ],
      "inputs": [
        {
          "label": "trigger",
          "id": "9e88384b-1f3c-49bb-aa8c-51191c08b1a8"
        }
      ],
      "x": 1781,
      "y": 480,
      "rtype": "Message",
      "rsubtype": "Delete Message",
      "formdata": [
        "${tempVars.anymessage.id}",
        "${tempVars.anymessage.channel.id}"
      ],
      "formnames": [
        "varname",
        "channelName"
      ],
      "messageActionRows": []
    },
    {
      "type": "response",
      "name": "Delete message_1_1",
      "guid": "ccf9b8d1-1039-482b-9f38-5e6680e67ddc",
      "embedfields": [],
      "outputs": [
        {
          "label": "next response",
          "connections": []
        }
      ],
      "inputs": [
        {
          "label": "trigger",
          "id": "8e859cb7-d21e-43aa-8614-d8788a25fb3e"
        }
      ],
      "x": 1907,
      "y": 673,
      "rtype": "Message",
      "rsubtype": "Delete Message",
      "formdata": [
        "${tempVars.anymessage.id}",
        "${tempVars.anymessage.channel.id}"
      ],
      "formnames": [
        "varname",
        "channelName"
      ],
      "messageActionRows": []
    },
    {
      "type": "response",
      "name": "Welcome Message",
      "guid": "b6b61fbd-abb9-4d29-945c-d622438304d6",
      "reactionFields": [],
      "embedfields": [],
      "outputs": [
        {
          "label": "next response",
          "connections": [
            "c4441609-d124-46bf-9b2d-2c954f078366"
          ]
        }
      ],
      "inputs": [
        {
          "label": "trigger",
          "id": "0101bc23-2003-4f05-ab69-bc9ecb4f067e"
        }
      ],
      "x": 476,
      "y": 509,
      "rtype": "Message",
      "rsubtype": "Send Message",
      "formdata": [
        "general",
        "Thank you for choosing Pomme for your moderation needs!  This bot acts as follows:\n\n- New users who join will gain the unverified role, which restricts what content to send.  To remove their restrictions, use the !verify command.\n\n- More commands and information can be found by messaging !help.\n\n**********************************************************\nTo get started, give yourself the Mod role by typing !admin @yourusername.  You deserve it!\n**********************************************************\n\n- If you want to use profanity filters, blacklists, and more advanced settings, please go to the link below for more information.\nhttps://discord.com/safety/auto-moderation-in-discord\n",
        "",
        "temp"
      ],
      "formnames": [
        "channelName",
        "messageText",
        "saveToVariable",
        "saveToVariableType"
      ],
      "messageActionRows": [],
      "valueFields": []
    },
    {
      "type": "response",
      "name": "AddMute_1",
      "guid": "cf9986b3-d47c-447c-aa8a-24330624d994",
      "reactionFields": [],
      "embedfields": [],
      "outputs": [
        {
          "label": "next response",
          "connections": [
            "05c64bd1-be30-4f22-a5af-a945d48f19ab"
          ]
        }
      ],
      "inputs": [
        {
          "label": "trigger",
          "id": "c4441609-d124-46bf-9b2d-2c954f078366"
        }
      ],
      "x": 905,
      "y": 539,
      "rtype": "Server Action",
      "rsubtype": "Add Role to Server",
      "formdata": [
        "Unverified",
        "DED600",
        "",
        "false",
        "BOOL_TRUE@@",
        "",
        "temp"
      ],
      "formnames": [
        "rolename",
        "color",
        "position",
        "hoist",
        "mentionable",
        "saveToVariable",
        "saveToVariableType"
      ],
      "messageActionRows": [],
      "valueFields": []
    },
    {
      "type": "response",
      "name": "AddMute_1_1",
      "guid": "05c64bd1-be30-4f22-a5af-a945d48f19ab",
      "reactionFields": [],
      "embedfields": [],
      "outputs": [
        {
          "label": "next response",
          "connections": [
            "f6d6fd12-c123-4669-8b20-3abf4eb96357"
          ]
        }
      ],
      "inputs": [
        {
          "label": "trigger",
          "id": "cf9986b3-d47c-447c-aa8a-24330624d994"
        }
      ],
      "x": 1077,
      "y": 543,
      "rtype": "Server Action",
      "rsubtype": "Add Role to Server",
      "formdata": [
        "Verified",
        "2AC20C",
        "",
        "false",
        "BOOL_TRUE@@",
        "",
        "temp"
      ],
      "formnames": [
        "rolename",
        "color",
        "position",
        "hoist",
        "mentionable",
        "saveToVariable",
        "saveToVariableType"
      ],
      "messageActionRows": [],
      "valueFields": []
    },
    {
      "type": "response",
      "name": "AddMute_1_1_1",
      "guid": "f6d6fd12-c123-4669-8b20-3abf4eb96357",
      "reactionFields": [],
      "embedfields": [],
      "outputs": [
        {
          "label": "next response",
          "connections": []
        }
      ],
      "inputs": [
        {
          "label": "trigger",
          "id": "05c64bd1-be30-4f22-a5af-a945d48f19ab"
        }
      ],
      "x": 1254,
      "y": 533,
      "rtype": "Server Action",
      "rsubtype": "Add Role to Server",
      "formdata": [
        "Admin",
        "C20000",
        "",
        "BOOL_TRUE@@",
        "BOOL_TRUE@@",
        "",
        "temp"
      ],
      "formnames": [
        "rolename",
        "color",
        "position",
        "hoist",
        "mentionable",
        "saveToVariable",
        "saveToVariableType"
      ],
      "messageActionRows": [],
      "valueFields": []
    }
  ]
}