{
  "nodes": [
    {
      "type": "command",
      "name": "help",
      "guid": "7942fe4c-dffa-4146-8cab-d254b3d80d5d",
      "outputs": [
        {
          "label": "responses",
          "connections": [
            "37eda463-a170-44f9-af54-61378ffc9294"
          ]
        }
      ],
      "inputs": [],
      "x": 148,
      "y": 188
    },
    {
      "type": "command",
      "name": "info",
      "guid": "2224944a-561a-4fa1-824b-2f31ea37c836",
      "outputs": [
        {
          "label": "responses",
          "connections": [
            "1aa367e9-12f9-49ad-af2f-a1af7eba2629"
          ]
        }
      ],
      "inputs": [],
      "x": 149,
      "y": 325
    },
    {
      "type": "response",
      "name": "help menu",
      "guid": "37eda463-a170-44f9-af54-61378ffc9294",
      "reactionFields": [],
      "embedfields": [
        {
          "name": "!help",
          "value": "Shows this menu",
          "inline": "false"
        },
        {
          "name": "!verify",
          "value": "Allows a user to send links and have less restrictions.  Can help distinguish between new and existing users.\nExample: !verify @user123",
          "inline": "false"
        },
        {
          "name": "!mute",
          "value": "Mutes a user from sending text messages.\nExample: !mute @user234",
          "inline": "false"
        },
        {
          "name": "!admin",
          "value": "Gives somebody the admin role.\nExample: !admin @user345",
          "inline": "false"
        }
      ],
      "outputs": [
        {
          "label": "next response",
          "connections": []
        }
      ],
      "inputs": [
        {
          "label": "trigger",
          "id": "7942fe4c-dffa-4146-8cab-d254b3d80d5d"
        }
      ],
      "x": 484,
      "y": 181,
      "rtype": "Message",
      "rsubtype": "Send Embed",
      "formdata": [
        "${dbsVars.CommandChannel.id}",
        "8256A8",
        "Help Menu",
        "",
        "",
        "",
        "",
        "Thank you for choosing this bot!  Below are some useful commands!",
        "",
        "",
        "",
        "false",
        "",
        "temp"
      ],
      "formnames": [
        "channelname",
        "color",
        "title",
        "url",
        "authorname",
        "authorimageurl",
        "authorlink",
        "description",
        "thumbnail",
        "image",
        "footer",
        "timestamp",
        "saveToVariable",
        "saveToVariableType"
      ],
      "messageActionRows": [],
      "valueFields": []
    },
    {
      "type": "response",
      "name": "show info",
      "guid": "5053a44d-4a5e-460a-974d-da0cc07aac7c",
      "reactionFields": [],
      "embedfields": [],
      "outputs": [
        {
          "label": "next response",
          "connections": []
        }
      ],
      "inputs": [
        {
          "label": "trigger",
          "id": "2224944a-561a-4fa1-824b-2f31ea37c836"
        }
      ],
      "x": 715,
      "y": 303,
      "rtype": "Message",
      "rsubtype": "Send Message",
      "formdata": [
        "${dbsVars.DefaultChannel.id}",
        "Command Author: ${dbsVars.CommandAuthor.displayName}\nTagged author: <@${dbsVars.CommandAuthor.id}>\nYou can insert more values by clicking the \"Insert Variable\" button next to this field!",
        "",
        "temp"
      ],
      "formnames": [
        "channelName",
        "messageText",
        "saveToVariable",
        "saveToVariableType"
      ],
      "messageActionRows": []
    },
    {
      "type": "command",
      "name": "mute",
      "guid": "e1b93ad5-1521-4964-8abb-3202f3274f05",
      "outputs": [
        {
          "label": "responses",
          "connections": [
            "69075695-b1a4-40d8-aaf8-e4e61deaada1"
          ]
        }
      ],
      "inputs": [],
      "x": 3,
      "y": 417,
      "perms": []
    },
    {
      "type": "response",
      "name": "User being silenced",
      "guid": "69075695-b1a4-40d8-aaf8-e4e61deaada1",
      "reactionFields": [],
      "embedfields": [],
      "saveToVariable": "sUser",
      "saveToVariableType": "temp",
      "outputs": [
        {
          "label": "next response",
          "connections": [
            "197b7a29-9bd5-4e18-a264-bf79cb496022"
          ]
        }
      ],
      "inputs": [
        {
          "label": "trigger",
          "id": "e1b93ad5-1521-4964-8abb-3202f3274f05"
        }
      ],
      "x": 165,
      "y": 439,
      "rtype": "Variable",
      "rsubtype": "Store Value in Variable",
      "formdata": [
        "sUser",
        "Text",
        "temp",
        "1"
      ],
      "formnames": [
        "varname",
        "vartype",
        "saveVarType",
        "param"
      ],
      "messageActionRows": [],
      "valueFields": []
    },
    {
      "type": "response",
      "name": "aa",
      "guid": "197b7a29-9bd5-4e18-a264-bf79cb496022",
      "reactionFields": [],
      "embedfields": [],
      "outputs": [
        {
          "label": "next response",
          "connections": [
            "b446f1fe-776d-4867-8bf6-62d71b88e17d"
          ]
        }
      ],
      "inputs": [
        {
          "label": "trigger",
          "id": "69075695-b1a4-40d8-aaf8-e4e61deaada1"
        }
      ],
      "x": 326,
      "y": 457,
      "rtype": "Variable",
      "rsubtype": "Get Mentioned User",
      "formdata": [
        "Pingas",
        "User",
        "temp"
      ],
      "formnames": [
        "varname",
        "vartype",
        "saveVarType"
      ],
      "messageActionRows": [],
      "valueFields": []
    },
    {
      "type": "response",
      "name": "bb",
      "guid": "b25bb3ae-a174-4f83-9b14-19e20ff316d8",
      "reactionFields": [],
      "embedfields": [],
      "outputs": [
        {
          "label": "next response",
          "connections": []
        }
      ],
      "inputs": [
        {
          "label": "trigger",
          "id": "41643e13-26be-4ca3-8aa1-dc9191bb353b"
        }
      ],
      "x": 1505,
      "y": 581,
      "rtype": "Message",
      "rsubtype": "Send Message",
      "formdata": [
        "general",
        "NULLSLADASDASD",
        "",
        "temp"
      ],
      "formnames": [
        "channelName",
        "messageText",
        "saveToVariable",
        "saveToVariableType"
      ],
      "messageActionRows": [],
      "valueFields": []
    },
    {
      "type": "response",
      "name": "Add Mute",
      "guid": "29f8d43f-f113-4e7c-9a1e-c87b6cf69ccb",
      "reactionFields": [],
      "embedfields": [],
      "outputs": [
        {
          "label": "next response",
          "connections": [
            "90c58d8d-1645-4e16-8642-34d0ec4f082b"
          ]
        }
      ],
      "inputs": [
        {
          "label": "trigger",
          "id": "3cee9e26-4152-484e-b9c7-ff3051cacd78"
        }
      ],
      "x": 1097,
      "y": 416,
      "rtype": "User Action",
      "rsubtype": "Add Role to User",
      "formdata": [
        "${tempVars.Pingas.id}",
        "Muted"
      ],
      "formnames": [
        "user",
        "roleName"
      ],
      "messageActionRows": [],
      "valueFields": []
    },
    {
      "type": "response",
      "name": "1",
      "guid": "1e94a07f-d57c-4c95-8f03-ed18db857fcd",
      "reactionFields": [],
      "embedfields": [],
      "outputs": [
        {
          "label": "next response",
          "connections": []
        }
      ],
      "inputs": [
        {
          "label": "trigger",
          "id": "29f8d43f-f113-4e7c-9a1e-c87b6cf69ccb"
        }
      ],
      "x": 1235,
      "y": 238,
      "rtype": "Message",
      "rsubtype": "Send Message",
      "formdata": [
        "general",
        "1",
        "",
        "temp"
      ],
      "formnames": [
        "channelName",
        "messageText",
        "saveToVariable",
        "saveToVariableType"
      ],
      "messageActionRows": [],
      "valueFields": []
    },
    {
      "type": "response",
      "name": "Add Muted",
      "guid": "1aa367e9-12f9-49ad-af2f-a1af7eba2629",
      "reactionFields": [],
      "embedfields": [],
      "saveToVariable": "MUTED",
      "saveToVariableType": "server",
      "outputs": [
        {
          "label": "next response",
          "connections": []
        }
      ],
      "inputs": [
        {
          "label": "trigger",
          "id": "2224944a-561a-4fa1-824b-2f31ea37c836"
        }
      ],
      "x": 480,
      "y": 329,
      "rtype": "Server Action",
      "rsubtype": "Add Role to Server",
      "formdata": [
        "Muted",
        "FFFFFF",
        "",
        "BOOL_TRUE@@",
        "BOOL_TRUE@@",
        "MUTED",
        "server"
      ],
      "formnames": [
        "rolename",
        "color",
        "position",
        "hoist",
        "mentionable",
        "saveToVariable",
        "saveToVariableType"
      ],
      "messageActionRows": [],
      "valueFields": []
    },
    {
      "type": "response",
      "name": "Add Muted to bot",
      "guid": "0611be58-6e57-41b2-9822-f57f2bb747b9",
      "embedfields": [],
      "outputs": [
        {
          "label": "next response",
          "connections": []
        }
      ],
      "inputs": [
        {
          "label": "trigger",
          "id": []
        }
      ],
      "x": 28,
      "y": 1523,
      "rtype": "User Action",
      "rsubtype": "Add Role to User",
      "messageActionRows": []
    },
    {
      "type": "response",
      "name": "IsAlreadyMuted",
      "guid": "3cee9e26-4152-484e-b9c7-ff3051cacd78",
      "reactionFields": [],
      "embedfields": [],
      "outputs": [
        {
          "label": "true",
          "connections": [
            "4c106f9e-33cd-44a4-9c2e-4f78f0bc73c4"
          ]
        },
        {
          "label": "false",
          "connections": [
            "29f8d43f-f113-4e7c-9a1e-c87b6cf69ccb"
          ]
        }
      ],
      "inputs": [
        {
          "label": "trigger",
          "id": "f08b3359-d63b-469a-b9c0-f68100c48e87"
        }
      ],
      "x": 906,
      "y": 502,
      "rtype": "User Action",
      "rsubtype": "Check If User Has Role",
      "formdata": [
        "${tempVars.Pingas.id}",
        "Muted"
      ],
      "formnames": [
        "user",
        "role"
      ],
      "messageActionRows": [],
      "valueFields": []
    },
    {
      "type": "response",
      "name": "Unmute",
      "guid": "4c106f9e-33cd-44a4-9c2e-4f78f0bc73c4",
      "reactionFields": [],
      "embedfields": [],
      "outputs": [
        {
          "label": "next response",
          "connections": [
            "e26e56d7-e782-4192-bf8c-10bda4ab7c95"
          ]
        }
      ],
      "inputs": [
        {
          "label": "trigger",
          "id": "3cee9e26-4152-484e-b9c7-ff3051cacd78"
        }
      ],
      "x": 1091,
      "y": 595,
      "rtype": "User Action",
      "rsubtype": "Remove Role From User",
      "formdata": [
        "${tempVars.Pingas.id}",
        "Muted",
        "User can talk now."
      ],
      "formnames": [
        "user",
        "roleName",
        "reason"
      ],
      "messageActionRows": [],
      "valueFields": []
    },
    {
      "type": "response",
      "name": "Confirm Mute",
      "guid": "90c58d8d-1645-4e16-8642-34d0ec4f082b",
      "reactionFields": [],
      "embedfields": [],
      "outputs": [
        {
          "label": "next response",
          "connections": []
        }
      ],
      "inputs": [
        {
          "label": "trigger",
          "id": "29f8d43f-f113-4e7c-9a1e-c87b6cf69ccb"
        }
      ],
      "x": 1262,
      "y": 387,
      "rtype": "Message",
      "rsubtype": "Send Message",
      "formdata": [
        "general",
        "Muted ${tempVars.Pingas.displayName}.  To unmute, use !mute again.",
        "",
        "temp"
      ],
      "formnames": [
        "channelName",
        "messageText",
        "saveToVariable",
        "saveToVariableType"
      ],
      "messageActionRows": [],
      "valueFields": []
    },
    {
      "type": "response",
      "name": "Confirm Unmute",
      "guid": "e26e56d7-e782-4192-bf8c-10bda4ab7c95",
      "reactionFields": [],
      "embedfields": [],
      "outputs": [
        {
          "label": "next response",
          "connections": []
        }
      ],
      "inputs": [
        {
          "label": "trigger",
          "id": "4c106f9e-33cd-44a4-9c2e-4f78f0bc73c4"
        }
      ],
      "x": 1267,
      "y": 589,
      "rtype": "Message",
      "rsubtype": "Send Message",
      "formdata": [
        "general",
        "Unmuted ${tempVars.Pingas.displayName}.",
        "",
        "temp"
      ],
      "formnames": [
        "channelName",
        "messageText",
        "saveToVariable",
        "saveToVariableType"
      ],
      "messageActionRows": [],
      "valueFields": []
    },
    {
      "type": "command",
      "name": "verify",
      "guid": "2586b8da-86cb-43e5-be2a-1a6f791d6ea4",
      "outputs": [
        {
          "label": "responses",
          "connections": [
            "a57b699d-d479-4c39-9554-83a4b818a074"
          ]
        }
      ],
      "inputs": [],
      "x": 2,
      "y": 634
    },
    {
      "type": "response",
      "name": "User being silenced_1",
      "guid": "a57b699d-d479-4c39-9554-83a4b818a074",
      "reactionFields": [],
      "embedfields": [],
      "saveToVariable": "vUser",
      "saveToVariableType": "temp",
      "outputs": [
        {
          "label": "next response",
          "connections": [
            "4544717f-c8c5-4f7c-89d8-ba262cdb87c5"
          ]
        }
      ],
      "inputs": [
        {
          "label": "trigger",
          "id": "2586b8da-86cb-43e5-be2a-1a6f791d6ea4"
        }
      ],
      "x": -5,
      "y": 780,
      "rtype": "Variable",
      "rsubtype": "Store Value in Variable",
      "formdata": [
        "vUser",
        "Text",
        "temp",
        "1"
      ],
      "formnames": [
        "varname",
        "vartype",
        "saveVarType",
        "param"
      ],
      "messageActionRows": [],
      "valueFields": []
    },
    {
      "type": "response",
      "name": "aa_1",
      "guid": "4544717f-c8c5-4f7c-89d8-ba262cdb87c5",
      "reactionFields": [],
      "embedfields": [],
      "outputs": [
        {
          "label": "next response",
          "connections": [
            "c1a6c2c1-4c71-40be-b045-36fc5e49a7ca"
          ]
        }
      ],
      "inputs": [
        {
          "label": "trigger",
          "id": "a57b699d-d479-4c39-9554-83a4b818a074"
        }
      ],
      "x": 224,
      "y": 742,
      "rtype": "Variable",
      "rsubtype": "Get Mentioned User",
      "formdata": [
        "Pingle",
        "User",
        "temp"
      ],
      "formnames": [
        "varname",
        "vartype",
        "saveVarType"
      ],
      "messageActionRows": [],
      "valueFields": []
    },
    {
      "type": "response",
      "name": "IsAlreadyMuted_1",
      "guid": "f7cf100e-c0a5-451f-9564-ce30c080e32d",
      "reactionFields": [],
      "embedfields": [],
      "outputs": [
        {
          "label": "next response",
          "connections": []
        }
      ],
      "inputs": [
        {
          "label": "trigger",
          "id": "4544717f-c8c5-4f7c-89d8-ba262cdb87c5"
        }
      ],
      "x": 46,
      "y": 1377,
      "rtype": "User Action",
      "rsubtype": "Check If User Has Role",
      "formdata": [
        "${tempVars.Pingle.id}",
        "Verified"
      ],
      "formnames": [
        "user",
        "role"
      ],
      "messageActionRows": [],
      "valueFields": []
    },
    {
      "type": "response",
      "name": "Add Mute_1",
      "guid": "6dc32ddc-fb78-4f80-9cf9-c8aa010f817b",
      "reactionFields": [],
      "embedfields": [],
      "outputs": [
        {
          "label": "next response",
          "connections": [
            "2a0ca449-0951-40a0-bb4b-866c7d3705d7"
          ]
        }
      ],
      "inputs": [
        {
          "label": "trigger",
          "id": "2aa02f19-489e-4957-8f66-feabe1be6502"
        }
      ],
      "x": 943,
      "y": 736,
      "rtype": "User Action",
      "rsubtype": "Add Role to User",
      "formdata": [
        "${tempVars.Pingle.id}",
        "Unverified"
      ],
      "formnames": [
        "user",
        "roleName"
      ],
      "messageActionRows": [],
      "valueFields": []
    },
    {
      "type": "response",
      "name": "What",
      "guid": "2aa02f19-489e-4957-8f66-feabe1be6502",
      "reactionFields": [],
      "embedfields": [],
      "outputs": [
        {
          "label": "true",
          "connections": [
            "6dc32ddc-fb78-4f80-9cf9-c8aa010f817b"
          ]
        },
        {
          "label": "false",
          "connections": [
            "0b97b324-8bb6-4f2f-a8b2-cec5de8b614e"
          ]
        }
      ],
      "inputs": [
        {
          "label": "trigger",
          "id": "315421ee-e23a-411d-830e-557003cb4990"
        }
      ],
      "x": 735,
      "y": 759,
      "rtype": "User Action",
      "rsubtype": "Check If User Has Role",
      "formdata": [
        "${tempVars.Pingle.id}",
        "Verified"
      ],
      "formnames": [
        "user",
        "role"
      ],
      "messageActionRows": [],
      "valueFields": []
    },
    {
      "type": "response",
      "name": "Confirm Mute_1",
      "guid": "a3ba4775-8af7-482a-97f5-3114768625b2",
      "reactionFields": [],
      "embedfields": [],
      "outputs": [
        {
          "label": "next response",
          "connections": []
        }
      ],
      "inputs": [
        {
          "label": "trigger",
          "id": "2a0ca449-0951-40a0-bb4b-866c7d3705d7"
        }
      ],
      "x": 1332,
      "y": 735,
      "rtype": "Message",
      "rsubtype": "Send Message",
      "formdata": [
        "general",
        "Unverified ${tempVars.Pingle.displayName}.  To Verify, use !verify again.",
        "",
        "temp"
      ],
      "formnames": [
        "channelName",
        "messageText",
        "saveToVariable",
        "saveToVariableType"
      ],
      "messageActionRows": [],
      "valueFields": []
    },
    {
      "type": "response",
      "name": "Add Mute_1_1",
      "guid": "0b97b324-8bb6-4f2f-a8b2-cec5de8b614e",
      "reactionFields": [],
      "embedfields": [],
      "outputs": [
        {
          "label": "next response",
          "connections": [
            "f8a1aa9d-e680-4690-991c-d7e74055e27f"
          ]
        }
      ],
      "inputs": [
        {
          "label": "trigger",
          "id": "2aa02f19-489e-4957-8f66-feabe1be6502"
        }
      ],
      "x": 1104,
      "y": 897,
      "rtype": "User Action",
      "rsubtype": "Add Role to User",
      "formdata": [
        "${tempVars.Pingle.id}",
        "Verified"
      ],
      "formnames": [
        "user",
        "roleName"
      ],
      "messageActionRows": [],
      "valueFields": []
    },
    {
      "type": "response",
      "name": "Confirm Mute_1_1",
      "guid": "ab3ff9d2-220e-4ab2-94d8-56e8d4256c24",
      "reactionFields": [],
      "embedfields": [],
      "outputs": [
        {
          "label": "next response",
          "connections": []
        }
      ],
      "inputs": [
        {
          "label": "trigger",
          "id": "f8a1aa9d-e680-4690-991c-d7e74055e27f"
        }
      ],
      "x": 1519,
      "y": 889,
      "rtype": "Message",
      "rsubtype": "Send Message",
      "formdata": [
        "general",
        "Verified ${tempVars.Pingle.displayName}.  To unverify, use !verify again.",
        "",
        "temp"
      ],
      "formnames": [
        "channelName",
        "messageText",
        "saveToVariable",
        "saveToVariableType"
      ],
      "messageActionRows": [],
      "valueFields": []
    },
    {
      "type": "response",
      "name": "Remove it",
      "guid": "2a0ca449-0951-40a0-bb4b-866c7d3705d7",
      "reactionFields": [],
      "embedfields": [],
      "outputs": [
        {
          "label": "next response",
          "connections": [
            "a3ba4775-8af7-482a-97f5-3114768625b2"
          ]
        }
      ],
      "inputs": [
        {
          "label": "trigger",
          "id": "6dc32ddc-fb78-4f80-9cf9-c8aa010f817b"
        }
      ],
      "x": 1136,
      "y": 750,
      "rtype": "User Action",
      "rsubtype": "Remove Role From User",
      "formdata": [
        "${tempVars.Pingle.id}",
        "Verified",
        "not good"
      ],
      "formnames": [
        "user",
        "roleName",
        "reason"
      ],
      "messageActionRows": [],
      "valueFields": []
    },
    {
      "type": "response",
      "name": "Remove it_1",
      "guid": "f8a1aa9d-e680-4690-991c-d7e74055e27f",
      "reactionFields": [],
      "embedfields": [],
      "outputs": [
        {
          "label": "next response",
          "connections": [
            "ab3ff9d2-220e-4ab2-94d8-56e8d4256c24"
          ]
        }
      ],
      "inputs": [
        {
          "label": "trigger",
          "id": "0b97b324-8bb6-4f2f-a8b2-cec5de8b614e"
        }
      ],
      "x": 1295,
      "y": 911,
      "rtype": "User Action",
      "rsubtype": "Remove Role From User",
      "formdata": [
        "${tempVars.Pingle.id}",
        "Unverified",
        "Good"
      ],
      "formnames": [
        "user",
        "roleName",
        "reason"
      ],
      "messageActionRows": [],
      "valueFields": []
    },
    {
      "type": "response",
      "name": "Checke",
      "guid": "b446f1fe-776d-4867-8bf6-62d71b88e17d",
      "reactionFields": [],
      "embedfields": [],
      "outputs": [
        {
          "label": "true",
          "connections": [
            "f08b3359-d63b-469a-b9c0-f68100c48e87"
          ]
        },
        {
          "label": "false",
          "connections": []
        }
      ],
      "inputs": [
        {
          "label": "trigger",
          "id": "197b7a29-9bd5-4e18-a264-bf79cb496022"
        }
      ],
      "x": 485,
      "y": 507,
      "rtype": "User Action",
      "rsubtype": "Check If User Has Role",
      "formdata": [
        "${dbsVars.CommandAuthor.id}",
        "Admin"
      ],
      "formnames": [
        "user",
        "role"
      ],
      "messageActionRows": [],
      "valueFields": []
    },
    {
      "type": "command",
      "name": "admin",
      "guid": "3e5acd44-aeee-4eaa-8137-cb9f1248d206",
      "outputs": [
        {
          "label": "responses",
          "connections": [
            "407215d0-5372-4410-b5c6-a3297fddb377"
          ]
        }
      ],
      "inputs": [],
      "x": 37,
      "y": 1000
    },
    {
      "type": "response",
      "name": "Has Admin",
      "guid": "4b22a7e9-88a2-46d3-a58f-54eec2db8005",
      "reactionFields": [],
      "embedfields": [],
      "outputs": [
        {
          "label": "true",
          "connections": [
            "1d9b0b3f-6013-4e14-9608-b27d16470f1f"
          ]
        },
        {
          "label": "false",
          "connections": [
            "197fa490-5ec8-47ef-b40c-0f58e2e5d1a8"
          ]
        }
      ],
      "inputs": [
        {
          "label": "trigger",
          "id": "c8cf29c5-1b6e-4fdd-916a-73137f2f9546"
        }
      ],
      "x": 602,
      "y": 1155,
      "rtype": "User Action",
      "rsubtype": "Check If User Has Role",
      "formdata": [
        "${dbsVars.CommandAuthor.id}",
        "Admin"
      ],
      "formnames": [
        "user",
        "role"
      ],
      "messageActionRows": [],
      "valueFields": []
    },
    {
      "type": "response",
      "name": "HasNoVerify",
      "guid": "197fa490-5ec8-47ef-b40c-0f58e2e5d1a8",
      "reactionFields": [],
      "embedfields": [],
      "outputs": [
        {
          "label": "true",
          "connections": []
        },
        {
          "label": "false",
          "connections": [
            "890e4ab2-af3e-46fc-a31f-47af8418682b"
          ]
        }
      ],
      "inputs": [
        {
          "label": "trigger",
          "id": "4b22a7e9-88a2-46d3-a58f-54eec2db8005"
        }
      ],
      "x": 856,
      "y": 1294,
      "rtype": "User Action",
      "rsubtype": "Check If User Has Role",
      "formdata": [
        "${dbsVars.CommandAuthor.id}",
        "Verified"
      ],
      "formnames": [
        "user",
        "role"
      ],
      "messageActionRows": [],
      "valueFields": []
    },
    {
      "type": "response",
      "name": "HasNoUnverified",
      "guid": "890e4ab2-af3e-46fc-a31f-47af8418682b",
      "reactionFields": [],
      "embedfields": [],
      "outputs": [
        {
          "label": "true",
          "connections": []
        },
        {
          "label": "false",
          "connections": [
            "52adef29-e4be-4479-ad4c-0f3c3c6e5877"
          ]
        }
      ],
      "inputs": [
        {
          "label": "trigger",
          "id": "197fa490-5ec8-47ef-b40c-0f58e2e5d1a8"
        }
      ],
      "x": 1050,
      "y": 1286,
      "rtype": "User Action",
      "rsubtype": "Check If User Has Role",
      "formdata": [
        "${dbsVars.CommandAuthor.id}",
        "Unverified"
      ],
      "formnames": [
        "user",
        "role"
      ],
      "messageActionRows": [],
      "valueFields": []
    },
    {
      "type": "response",
      "name": "NotMuted",
      "guid": "52adef29-e4be-4479-ad4c-0f3c3c6e5877",
      "reactionFields": [],
      "embedfields": [],
      "outputs": [
        {
          "label": "true",
          "connections": []
        },
        {
          "label": "false",
          "connections": [
            "dd474cb7-697d-4681-ae6b-ba84d0c141df"
          ]
        }
      ],
      "inputs": [
        {
          "label": "trigger",
          "id": "890e4ab2-af3e-46fc-a31f-47af8418682b"
        }
      ],
      "x": 1239,
      "y": 1318,
      "rtype": "User Action",
      "rsubtype": "Check If User Has Role",
      "formdata": [
        "${dbsVars.CommandAuthor.id}",
        "Muted"
      ],
      "formnames": [
        "user",
        "role"
      ],
      "messageActionRows": [],
      "valueFields": []
    },
    {
      "type": "response",
      "name": "User being silenced_1_1",
      "guid": "407215d0-5372-4410-b5c6-a3297fddb377",
      "reactionFields": [],
      "embedfields": [],
      "saveToVariable": "aUser",
      "saveToVariableType": "temp",
      "outputs": [
        {
          "label": "next response",
          "connections": [
            "c8cf29c5-1b6e-4fdd-916a-73137f2f9546"
          ]
        }
      ],
      "inputs": [
        {
          "label": "trigger",
          "id": "3e5acd44-aeee-4eaa-8137-cb9f1248d206"
        }
      ],
      "x": 221,
      "y": 958,
      "rtype": "Variable",
      "rsubtype": "Store Value in Variable",
      "formdata": [
        "aUser",
        "Text",
        "temp",
        "1"
      ],
      "formnames": [
        "varname",
        "vartype",
        "saveVarType",
        "param"
      ],
      "messageActionRows": [],
      "valueFields": []
    },
    {
      "type": "response",
      "name": "aa_1_1",
      "guid": "c8cf29c5-1b6e-4fdd-916a-73137f2f9546",
      "reactionFields": [],
      "embedfields": [],
      "outputs": [
        {
          "label": "next response",
          "connections": [
            "4b22a7e9-88a2-46d3-a58f-54eec2db8005"
          ]
        }
      ],
      "inputs": [
        {
          "label": "trigger",
          "id": "407215d0-5372-4410-b5c6-a3297fddb377"
        }
      ],
      "x": 397,
      "y": 989,
      "rtype": "Variable",
      "rsubtype": "Get Mentioned User",
      "formdata": [
        "ADMIN",
        "User",
        "temp"
      ],
      "formnames": [
        "varname",
        "vartype",
        "saveVarType"
      ],
      "messageActionRows": [],
      "valueFields": []
    },
    {
      "type": "response",
      "name": "GiveAdmin",
      "guid": "0d673378-c87b-4cb0-a4e3-3cfefe33ef7d",
      "reactionFields": [],
      "embedfields": [],
      "outputs": [
        {
          "label": "next response",
          "connections": [
            "54e99edf-4550-48d3-8a56-18d322a6e85c"
          ]
        }
      ],
      "inputs": [
        {
          "label": "trigger",
          "id": "1d9b0b3f-6013-4e14-9608-b27d16470f1f"
        }
      ],
      "x": 1038,
      "y": 1164,
      "rtype": "User Action",
      "rsubtype": "Add Role to User",
      "formdata": [
        "${tempVars.ADMIN.id}",
        "Admin"
      ],
      "formnames": [
        "user",
        "roleName"
      ],
      "messageActionRows": [],
      "valueFields": []
    },
    {
      "type": "response",
      "name": "GiveAdmin_1",
      "guid": "352e80bf-9fa4-4efb-a381-d120f00b0e1a",
      "reactionFields": [],
      "embedfields": [],
      "outputs": [
        {
          "label": "next response",
          "connections": [
            "c149d9e4-eb29-4e84-95eb-145b37234358"
          ]
        }
      ],
      "inputs": [
        {
          "label": "trigger",
          "id": "dd474cb7-697d-4681-ae6b-ba84d0c141df"
        }
      ],
      "x": 1439,
      "y": 1358,
      "rtype": "User Action",
      "rsubtype": "Add Role to User",
      "formdata": [
        "${dbsVars.CommandAuthor.id}",
        "Admin"
      ],
      "formnames": [
        "user",
        "roleName"
      ],
      "messageActionRows": [],
      "valueFields": []
    },
    {
      "type": "response",
      "name": "Remove it_1_1",
      "guid": "54e99edf-4550-48d3-8a56-18d322a6e85c",
      "reactionFields": [],
      "embedfields": [],
      "outputs": [
        {
          "label": "next response",
          "connections": [
            "b153a496-3666-4166-bcf1-3617304dca46"
          ]
        }
      ],
      "inputs": [
        {
          "label": "trigger",
          "id": "0d673378-c87b-4cb0-a4e3-3cfefe33ef7d"
        }
      ],
      "x": 1226,
      "y": 1169,
      "rtype": "User Action",
      "rsubtype": "Remove Role From User",
      "formdata": [
        "${tempVars.ADMIN.id}",
        "Unverified",
        "Good"
      ],
      "formnames": [
        "user",
        "roleName",
        "reason"
      ],
      "messageActionRows": [],
      "valueFields": []
    },
    {
      "type": "response",
      "name": "Check2",
      "guid": "f08b3359-d63b-469a-b9c0-f68100c48e87",
      "reactionFields": [],
      "embedfields": [],
      "outputs": [
        {
          "label": "true",
          "connections": []
        },
        {
          "label": "false",
          "connections": [
            "3cee9e26-4152-484e-b9c7-ff3051cacd78"
          ]
        }
      ],
      "inputs": [
        {
          "label": "trigger",
          "id": "b446f1fe-776d-4867-8bf6-62d71b88e17d"
        }
      ],
      "x": 681,
      "y": 519,
      "rtype": "User Action",
      "rsubtype": "Check If User Has Role",
      "formdata": [
        "${tempVars.Pingas.id}",
        "Admin"
      ],
      "formnames": [
        "user",
        "role"
      ],
      "messageActionRows": [],
      "valueFields": []
    },
    {
      "type": "response",
      "name": "asd",
      "guid": "c1a6c2c1-4c71-40be-b045-36fc5e49a7ca",
      "reactionFields": [],
      "embedfields": [],
      "outputs": [
        {
          "label": "true",
          "connections": []
        },
        {
          "label": "false",
          "connections": [
            "315421ee-e23a-411d-830e-557003cb4990"
          ]
        }
      ],
      "inputs": [
        {
          "label": "trigger",
          "id": "4544717f-c8c5-4f7c-89d8-ba262cdb87c5"
        }
      ],
      "x": 382,
      "y": 728,
      "rtype": "User Action",
      "rsubtype": "Check If User Has Role",
      "formdata": [
        "${tempVars.Pingle.id}",
        "Admin"
      ],
      "formnames": [
        "user",
        "role"
      ],
      "messageActionRows": [],
      "valueFields": []
    },
    {
      "type": "response",
      "name": "Null Checker",
      "guid": "41643e13-26be-4ca3-8aa1-dc9191bb353b",
      "reactionFields": [],
      "embedfields": [],
      "outputs": [
        {
          "label": "true",
          "connections": []
        },
        {
          "label": "false",
          "connections": []
        }
      ],
      "inputs": [
        {
          "label": "trigger",
          "id": "c8cf29c5-1b6e-4fdd-916a-73137f2f9546"
        }
      ],
      "x": 39,
      "y": 1696,
      "rtype": "Variable",
      "rsubtype": "Check Variable Value",
      "formdata": [
        "${tempVars.ADMIN.id}",
        "temp",
        "equal to",
        "null"
      ],
      "formnames": [
        "varname",
        "saveVarType",
        "compare",
        "value"
      ],
      "messageActionRows": [],
      "valueFields": []
    },
    {
      "type": "response",
      "name": "Confirm Mute_1_1_1",
      "guid": "b153a496-3666-4166-bcf1-3617304dca46",
      "reactionFields": [],
      "embedfields": [],
      "outputs": [
        {
          "label": "next response",
          "connections": []
        }
      ],
      "inputs": [
        {
          "label": "trigger",
          "id": "54e99edf-4550-48d3-8a56-18d322a6e85c"
        }
      ],
      "x": 1405,
      "y": 1174,
      "rtype": "Message",
      "rsubtype": "Send Message",
      "formdata": [
        "general",
        "${tempVars.ADMIN.displayName} is now an admin.",
        "",
        "temp"
      ],
      "formnames": [
        "channelName",
        "messageText",
        "saveToVariable",
        "saveToVariableType"
      ],
      "messageActionRows": [],
      "valueFields": []
    },
    {
      "type": "response",
      "name": "Confirm Mute_1_1_1_1",
      "guid": "c149d9e4-eb29-4e84-95eb-145b37234358",
      "reactionFields": [],
      "embedfields": [],
      "outputs": [
        {
          "label": "next response",
          "connections": []
        }
      ],
      "inputs": [
        {
          "label": "trigger",
          "id": "352e80bf-9fa4-4efb-a381-d120f00b0e1a"
        }
      ],
      "x": 1613,
      "y": 1320,
      "rtype": "Message",
      "rsubtype": "Send Message",
      "formdata": [
        "general",
        "${tempVars.ADMIN.displayName} is now an admin.",
        "",
        "temp"
      ],
      "formnames": [
        "channelName",
        "messageText",
        "saveToVariable",
        "saveToVariableType"
      ],
      "messageActionRows": [],
      "valueFields": []
    },
    {
      "type": "response",
      "name": "Rid admin",
      "guid": "1d9b0b3f-6013-4e14-9608-b27d16470f1f",
      "reactionFields": [],
      "embedfields": [],
      "outputs": [
        {
          "label": "true",
          "connections": [
            "8043fbf4-94ec-4cb9-8e93-931164c20173"
          ]
        },
        {
          "label": "false",
          "connections": [
            "0d673378-c87b-4cb0-a4e3-3cfefe33ef7d"
          ]
        }
      ],
      "inputs": [
        {
          "label": "trigger",
          "id": "4b22a7e9-88a2-46d3-a58f-54eec2db8005"
        }
      ],
      "x": 827,
      "y": 1081,
      "rtype": "User Action",
      "rsubtype": "Check If User Has Role",
      "formdata": [
        "${tempVars.ADMIN.id}",
        "Admin"
      ],
      "formnames": [
        "user",
        "role"
      ],
      "messageActionRows": [],
      "valueFields": []
    },
    {
      "type": "response",
      "name": "Remove it_1_1_1",
      "guid": "8043fbf4-94ec-4cb9-8e93-931164c20173",
      "reactionFields": [],
      "embedfields": [],
      "outputs": [
        {
          "label": "next response",
          "connections": [
            "19349923-f4fc-485e-bc5d-d19e570b7c4f"
          ]
        }
      ],
      "inputs": [
        {
          "label": "trigger",
          "id": "1d9b0b3f-6013-4e14-9608-b27d16470f1f"
        }
      ],
      "x": 1031,
      "y": 1029,
      "rtype": "User Action",
      "rsubtype": "Remove Role From User",
      "formdata": [
        "${tempVars.ADMIN.id}",
        "Admin",
        "Good"
      ],
      "formnames": [
        "user",
        "roleName",
        "reason"
      ],
      "messageActionRows": [],
      "valueFields": []
    },
    {
      "type": "response",
      "name": "GiveAdmin_2",
      "guid": "19349923-f4fc-485e-bc5d-d19e570b7c4f",
      "reactionFields": [],
      "embedfields": [],
      "outputs": [
        {
          "label": "next response",
          "connections": [
            "741796c7-43c7-468c-887d-ac1e15246771"
          ]
        }
      ],
      "inputs": [
        {
          "label": "trigger",
          "id": "8043fbf4-94ec-4cb9-8e93-931164c20173"
        }
      ],
      "x": 1208,
      "y": 1035,
      "rtype": "User Action",
      "rsubtype": "Add Role to User",
      "formdata": [
        "${tempVars.ADMIN.id}",
        "Verified"
      ],
      "formnames": [
        "user",
        "roleName"
      ],
      "messageActionRows": [],
      "valueFields": []
    },
    {
      "type": "response",
      "name": "Confirm Mute_1_1_1_2",
      "guid": "741796c7-43c7-468c-887d-ac1e15246771",
      "reactionFields": [],
      "embedfields": [],
      "outputs": [
        {
          "label": "next response",
          "connections": []
        }
      ],
      "inputs": [
        {
          "label": "trigger",
          "id": "19349923-f4fc-485e-bc5d-d19e570b7c4f"
        }
      ],
      "x": 1380,
      "y": 1031,
      "rtype": "Message",
      "rsubtype": "Send Message",
      "formdata": [
        "general",
        "${tempVars.ADMIN.displayName} is no longer an admin.",
        "",
        "temp"
      ],
      "formnames": [
        "channelName",
        "messageText",
        "saveToVariable",
        "saveToVariableType"
      ],
      "messageActionRows": [],
      "valueFields": []
    },
    {
      "type": "response",
      "name": "HasAdmin",
      "guid": "315421ee-e23a-411d-830e-557003cb4990",
      "reactionFields": [],
      "embedfields": [],
      "outputs": [
        {
          "label": "true",
          "connections": [
            "2aa02f19-489e-4957-8f66-feabe1be6502"
          ]
        },
        {
          "label": "false",
          "connections": []
        }
      ],
      "inputs": [
        {
          "label": "trigger",
          "id": "c1a6c2c1-4c71-40be-b045-36fc5e49a7ca"
        }
      ],
      "x": 560,
      "y": 756,
      "rtype": "User Action",
      "rsubtype": "Check If User Has Role",
      "formdata": [
        "${dbsVars.CommandAuthor.id}",
        "Admin"
      ],
      "formnames": [
        "user",
        "role"
      ],
      "messageActionRows": [],
      "valueFields": []
    },
    {
      "type": "command",
      "name": "setup",
      "guid": "e59243f3-0119-4cf1-93ee-e541980a9a29",
      "outputs": [
        {
          "label": "responses",
          "connections": [
            "1e0c1c3e-3c9d-4faa-87fd-128fe82065da"
          ]
        }
      ],
      "inputs": [],
      "x": 46,
      "y": 1228
    },
    {
      "type": "response",
      "name": "welcome",
      "guid": "1b226cc1-2b8f-4683-b0be-bf8a47d54107",
      "reactionFields": [],
      "embedfields": [],
      "saveToVariable": "",
      "saveToVariableType": "temp",
      "outputs": [
        {
          "label": "next response",
          "connections": [
            "32d43b4e-4a84-4796-a3af-ee12bb3e3258"
          ]
        }
      ],
      "inputs": [
        {
          "label": "trigger",
          "id": "1e0c1c3e-3c9d-4faa-87fd-128fe82065da"
        }
      ],
      "x": 447,
      "y": 1286,
      "rtype": "Message",
      "rsubtype": "Send Message",
      "formdata": [
        "general",
        "Thank you for choosing Pomme for your moderation needs!  This bot acts as follows:\n\n- New users who join will gain the unverified role, which restricts what content to send.  To remove their restrictions, use the !verify command.\n\n- More commands and information can be found by messaging !help.\n\n___________________________________________________________\nTo get started, give yourself the Mod role by typing !admin @yourusername.  You deserve it!\n___________________________________________________________\n\n- If you want to use profanity filters, blacklists, and more advanced settings, please go to the link below for more information.\nhttps://discord.com/safety/auto-moderation-in-discord\n",
        "",
        "temp"
      ],
      "formnames": [
        "channelName",
        "messageText",
        "saveToVariable",
        "saveToVariableType"
      ],
      "messageActionRows": [],
      "valueFields": []
    },
    {
      "type": "response",
      "name": "Add Muted_1",
      "guid": "32d43b4e-4a84-4796-a3af-ee12bb3e3258",
      "reactionFields": [],
      "embedfields": [],
      "outputs": [
        {
          "label": "next response",
          "connections": [
            "66cddaa2-e551-4021-9c9f-bb9728d4f919"
          ]
        }
      ],
      "inputs": [
        {
          "label": "trigger",
          "id": "1b226cc1-2b8f-4683-b0be-bf8a47d54107"
        }
      ],
      "x": 496,
      "y": 1470,
      "rtype": "Server Action",
      "rsubtype": "Add Role to Server",
      "formdata": [
        "Muted",
        "FFFFFF",
        "",
        "BOOL_TRUE@@",
        "BOOL_TRUE@@",
        "",
        "temp"
      ],
      "formnames": [
        "rolename",
        "color",
        "position",
        "hoist",
        "mentionable",
        "saveToVariable",
        "saveToVariableType"
      ],
      "messageActionRows": [],
      "valueFields": []
    },
    {
      "type": "response",
      "name": "Add Muted_1_1",
      "guid": "66cddaa2-e551-4021-9c9f-bb9728d4f919",
      "reactionFields": [],
      "embedfields": [],
      "outputs": [
        {
          "label": "next response",
          "connections": [
            "ff4079c5-c498-4b4b-bb54-2324e2153a08"
          ]
        }
      ],
      "inputs": [
        {
          "label": "trigger",
          "id": "32d43b4e-4a84-4796-a3af-ee12bb3e3258"
        }
      ],
      "x": 671,
      "y": 1461,
      "rtype": "Server Action",
      "rsubtype": "Add Role to Server",
      "formdata": [
        "Unverified",
        "FFFB1C",
        "",
        "false",
        "BOOL_TRUE@@",
        "",
        "temp"
      ],
      "formnames": [
        "rolename",
        "color",
        "position",
        "hoist",
        "mentionable",
        "saveToVariable",
        "saveToVariableType"
      ],
      "messageActionRows": [],
      "valueFields": []
    },
    {
      "type": "response",
      "name": "Add Muted_1_1_1",
      "guid": "ff4079c5-c498-4b4b-bb54-2324e2153a08",
      "reactionFields": [],
      "embedfields": [],
      "outputs": [
        {
          "label": "next response",
          "connections": [
            "03294d83-71e8-4737-8688-006d7c1d3177"
          ]
        }
      ],
      "inputs": [
        {
          "label": "trigger",
          "id": "66cddaa2-e551-4021-9c9f-bb9728d4f919"
        }
      ],
      "x": 840,
      "y": 1464,
      "rtype": "Server Action",
      "rsubtype": "Add Role to Server",
      "formdata": [
        "Verified",
        "00D412",
        "",
        "false",
        "BOOL_TRUE@@",
        "",
        "temp"
      ],
      "formnames": [
        "rolename",
        "color",
        "position",
        "hoist",
        "mentionable",
        "saveToVariable",
        "saveToVariableType"
      ],
      "messageActionRows": [],
      "valueFields": []
    },
    {
      "type": "response",
      "name": "Add Muted_1_1_1_1",
      "guid": "03294d83-71e8-4737-8688-006d7c1d3177",
      "reactionFields": [],
      "embedfields": [],
      "outputs": [
        {
          "label": "next response",
          "connections": []
        }
      ],
      "inputs": [
        {
          "label": "trigger",
          "id": "ff4079c5-c498-4b4b-bb54-2324e2153a08"
        }
      ],
      "x": 1063,
      "y": 1502,
      "rtype": "Server Action",
      "rsubtype": "Add Role to Server",
      "formdata": [
        "Admin",
        "D40000",
        "",
        "BOOL_TRUE@@",
        "BOOL_TRUE@@",
        "",
        "temp"
      ],
      "formnames": [
        "rolename",
        "color",
        "position",
        "hoist",
        "mentionable",
        "saveToVariable",
        "saveToVariableType"
      ],
      "messageActionRows": [],
      "valueFields": []
    },
    {
      "type": "response",
      "name": "Hopefully Admin",
      "guid": "1e0c1c3e-3c9d-4faa-87fd-128fe82065da",
      "reactionFields": [],
      "embedfields": [],
      "outputs": [
        {
          "label": "has perms",
          "connections": [
            "1b226cc1-2b8f-4683-b0be-bf8a47d54107"
          ]
        },
        {
          "label": "doesn't have perms",
          "connections": []
        }
      ],
      "inputs": [
        {
          "label": "trigger",
          "id": "e59243f3-0119-4cf1-93ee-e541980a9a29"
        }
      ],
      "x": 262,
      "y": 1429,
      "rtype": "User Action",
      "rsubtype": "Check User Permissions",
      "formdata": [
        "${dbsVars.CommandAuthor.id}",
        [
          "ADMINISTRATOR"
        ]
      ],
      "formnames": [
        "user",
        "permissions"
      ],
      "messageActionRows": [],
      "valueFields": []
    },
    {
      "type": "response",
      "name": "Hopefully Admin_1",
      "guid": "dd474cb7-697d-4681-ae6b-ba84d0c141df",
      "reactionFields": [],
      "embedfields": [],
      "outputs": [
        {
          "label": "has perms",
          "connections": [
            "352e80bf-9fa4-4efb-a381-d120f00b0e1a"
          ]
        },
        {
          "label": "doesn't have perms",
          "connections": []
        }
      ],
      "inputs": [
        {
          "label": "trigger",
          "id": "52adef29-e4be-4479-ad4c-0f3c3c6e5877"
        }
      ],
      "x": 1421,
      "y": 1486,
      "rtype": "User Action",
      "rsubtype": "Check User Permissions",
      "formdata": [
        "${dbsVars.CommandAuthor.id}",
        [
          "ADMINISTRATOR"
        ]
      ],
      "formnames": [
        "user",
        "permissions"
      ],
      "messageActionRows": [],
      "valueFields": []
    }
  ]
}